run_id,powder,prev_stage,target_mass_mg,final_mass_mg,t_switch,target_before,target_after,duty_at_switch,rate_at_switch,rate_max_2s,rate_mean_2s,duty_mean_2s,rate_mean_settled,duty_mean_settled,mass_at_switch,mass_gain_2s,expect_gain_2s,excess_gain_2s,overshoot_2s,t_recover_s,fine_dur_s,fine_n,fine_far_over,fine_far_under,recovery_hits_3s,recovery_hits_all
dispense-1000mg-20260924_110756-7d33d9,失水剂1,coarse,1000,988.0,34.98,30.0,20.0,1000,20.917,20.917,17.88,1000.0,7.7,1011.7,788.0,36.0,40.0,-4.0,0.92,0.0,21.53,93,0,59,0,78
dispense-1000mg-20260924_110900-dc10e8,失水剂1,coarse,1000,983.0,63.06,30.0,20.0,1300,11.758,27.098,20.05,1235.0,18.57,1001.7,803.0,29.0,40.0,-11.0,7.1,1.33,10.66,48,11,15,0,124
dispense-1000mg-20260924_111045-155d99,失水剂1,coarse,1000,1049.0,39.89,30.0,20.0,1250,0.0,71.073,32.98,1250.0,,,907.0,,40.0,,51.07,,0.89,5,2,1,1,55
dispense-1000mg-20260924_111150-885acc,失水剂1,coarse,1000,993.0,28.25,30.0,20.0,1000,52.546,52.546,34.07,1000.0,10.28,1005.8,757.0,62.0,40.0,22.0,32.55,1.55,17.75,78,6,34,0,52
dispense-1000mg-20260924_111543-ea30c0,失水剂1,coarse,1000,1012.0,29.59,30.0,20.0,1450,92.488,115.069,97.4,1180.0,40.54,1000.0,758.0,120.0,40.0,80.0,95.07,,3.86,18,18,0,0,27
dispense-1000mg-20260924_111723-8a58b7,失水剂1,coarse,1000,1023.0,54.09,30.0,20.0,1950,0.0,53.027,34.54,1905.6,8.59,1140.6,833.0,65.0,40.0,25.0,33.03,,7.2,32,12,12,1,79
dispense-1000mg-20260924_111831-06d88a,失水剂1,coarse,1000,994.0,33.8,30.0,20.0,1000,40.463,40.463,36.15,1000.0,14.63,1000.0,773.0,49.0,40.0,9.0,20.46,6.88,13.0,57,10,18,2,58
dispense-1000mg-20260924_141809-391fbd,失水剂2,coarse,1000,1002.0,44.34,30.0,20.0,1000,13.319,14.103,11.98,1000.0,8.2,1011.1,792.0,19.0,40.0,-21.0,-5.9,,24.87,107,0,68,0,44
dispense-200mg-20260923_104956-bf7c51,润滑剂1,coarse,200,214.0,7.02,25.0,10.0,1400,73.447,73.447,57.07,1155.6,,,101.0,76.0,20.0,56.0,63.45,,1.81,9,9,0,0,0
dispense-200mg-20260923_105014-b6b7e8,润滑剂1,coarse,200,225.0,3.36,25.0,10.0,1600,89.165,100.0,95.36,1342.9,,,100.0,,20.0,,90.0,,1.16,6,6,0,0,0
dispense-200mg-20260923_105024-aeaa94,润滑剂1,coarse,200,210.0,4.66,25.0,10.0,1400,72.698,72.698,54.57,1200.0,,,106.0,71.0,20.0,51.0,62.7,,1.86,9,9,0,0,0
dispense-200mg-20260923_105038-38c87f,润滑剂1,coarse,200,224.0,5.94,25.0,15.0,1000,25.739,27.815,24.45,1000.0,,,132.0,62.0,30.0,32.0,12.82,,1.81,9,9,0,0,0
dispense-200mg-20260923_105059-ddbcab,润滑剂1,coarse,200,207.0,7.88,25.0,15.0,1800,20.238,24.591,22.23,1650.0,,,136.0,47.0,30.0,17.0,9.59,,2.06,10,5,0,0,0
dispense-200mg-20260923_105115-c69728,润滑剂1,coarse,200,201.0,9.61,25.0,15.0,1900,28.154,33.723,30.96,1566.7,,,135.0,,30.0,,18.72,,1.53,8,8,0,0,0
dispense-200mg-20260923_105135-05cb24,润滑剂1,coarse,200,230.0,5.0,25.0,15.0,1150,46.013,46.013,37.9,1050.0,,,117.0,,30.0,,31.01,,1.67,8,8,0,0,0
dispense-200mg-20260923_105148-0c08b4,润滑剂1,coarse,200,207.0,12.02,25.0,15.0,1947,13.332,13.332,6.37,1953.7,5.51,1799.6,139.0,10.0,30.0,-20.0,-1.67,3.92,0.0,1,0,0,0,0
dispense-200mg-20260923_105148-0c08b4,润滑剂1,coarse,200,207.0,14.81,25.0,15.0,1933,2.38,16.518,10.59,1856.0,2.54,1819.7,154.0,19.0,30.0,-11.0,1.52,1.12,7.19,32,0,22,0,0
dispense-200mg-20260923_105217-01fca2,润滑剂1,coarse,200,184.0,57.33,25.0,15.0,2900,11.852,31.391,21.2,2705.6,,,148.0,,30.0,,16.39,0.2,1.47,8,3,0,0,0
dispense-200mg-20260923_142511-e0db62,润滑剂1,coarse,200,215.0,7.06,25.0,15.0,1500,31.966,35.411,28.56,1316.7,,,131.0,35.0,30.0,5.0,20.41,,3.0,14,7,0,0,0
dispense-200mg-20260923_142528-5d2dc6,润滑剂1,coarse,200,198.0,20.59,25.0,15.0,2300,8.003,15.192,12.81,2100.0,,,150.0,18.0,30.0,-12.0,0.19,0.53,3.27,15,0,0,0,0
dispense-200mg-20260923_143543-d5516a,润滑剂1,coarse,200,198.0,29.06,25.0,15.0,2900,18.636,18.636,12.85,2700.0,4.06,1867.6,140.0,16.0,30.0,-14.0,3.64,0.27,7.67,34,0,17,0,0
dispense-200mg-20260923_143626-3e7482,润滑剂1,coarse,200,190.0,25.12,25.0,15.0,2900,10.89,18.555,14.98,2700.0,2.15,1960.0,148.0,27.0,30.0,-3.0,3.55,0.2,4.86,21,0,6,0,0
dispense-200mg-20260923_143704-c2e7c6,润滑剂1,coarse,200,196.0,105.88,25.0,10.0,3300,18.62,20.779,18.59,3075.0,0.13,3155.3,146.0,19.0,20.0,-1.0,10.78,,80.78,341,9,326,0,0
dispense-500mg-20260923_142444-228ebf,润滑剂1,coarse,500,525.0,10.56,25.0,15.0,1000,41.644,41.644,25.88,1005.6,32.31,1108.3,370.0,24.0,30.0,-6.0,26.64,,1.66,8,5,0,0,0
dispense-500mg-20260923_142444-228ebf,润滑剂1,coarse,500,525.0,13.36,25.0,15.0,1100,0.0,25.906,8.01,1150.0,,,400.0,51.0,30.0,21.0,10.91,,2.27,11,3,5,0,0
dispense-500mg-20260923_162734-a263df,封堵剂1,coarse,500,510.0,14.06,15.0,6.0,1000,30.549,67.822,53.07,1000.0,,,392.0,,12.0,,61.82,,1.12,6,6,0,0,0
dispense-500mg-20260923_184313-1b50a3,抑制剂1,coarse,500,503.0,21.2,25.0,15.0,1850,9.493,10.729,8.27,1888.9,10.99,1909.2,399.0,6.0,30.0,-24.0,-4.27,6.95,9.89,45,3,26,6,55
dispense-500mg-20260924_120218-e46693,大分子包被剂-text,coarse,500,506.0,17.5,25.0,15.0,2500,112.68,118.626,105.66,2300.0,,,331.0,136.0,30.0,106.0,103.63,,1.86,9,9,0,0,28
dispense-500mg-20260924_120244-0f42d9,大分子包被剂-text,coarse,500,563.0,22.97,25.0,15.0,2300,0.0,65.752,31.6,2300.0,,,418.0,,30.0,,50.75,,0.88,5,3,1,1,46
dispense-500mg-20260924_120413-929112,大分子包被剂-text,coarse,500,477.0,8.17,25.0,15.0,1000,108.57,109.103,83.34,1000.0,,,344.0,113.0,30.0,83.0,94.1,,2.26,11,11,0,0,9
large-dispense-10000mg-20260924_120653-0988d5,大分子包被剂-text,coarse,10000,10019.0,35.17,25.0,15.0,2000,283.86,307.328,285.5,2000.0,50.02,1199.2,7874.0,516.0,30.0,486.0,292.33,18.27,23.94,80,64,1,0,1
large-dispense-10000mg-20260924_142326-682070,失水剂2,coarse,10000,10013.0,37.05,25.0,15.0,2000,264.552,500.0,372.01,2000.0,34.83,1194.3,7852.0,869.0,30.0,839.0,485.0,,29.86,100,88,5,0,5
large-dispense-1000mg-20260924_110708-09d771,失水剂1,coarse,1000,954.0,6.06,25.0,15.0,2000,228.599,228.599,218.05,2000.0,37.59,2072.7,632.0,210.0,30.0,180.0,213.6,,7.92,12,8,3,0,3
large-dispense-1000mg-20260924_141059-3eecb8,失水剂2,coarse,1000,1019.0,40.33,25.0,15.0,1200,89.112,89.112,76.52,1044.4,,,730.0,147.0,30.0,117.0,74.11,,3.06,14,14,0,0,5
large-dispense-1000mg-20260924_141741-0674a6,失水剂2,coarse,1000,1015.0,13.84,25.0,15.0,2200,17.728,77.396,55.55,1933.3,29.92,1000.0,805.0,92.0,30.0,62.0,62.4,,4.14,19,18,0,0,4
large-dispense-1000mg-20260924_141927-2b279a,失水剂2,coarse,1000,998.0,18.17,25.0,15.0,1350,31.183,31.183,23.39,1100.0,10.36,1000.0,778.0,37.0,30.0,7.0,16.18,5.39,18.58,80,7,17,2,9
large-dispense-1000mg-20260924_142012-d2180f,失水剂2,coarse,1000,982.0,13.2,25.0,15.0,2200,0.0,34.591,10.53,2166.7,,,832.0,45.0,30.0,15.0,19.59,,3.3,15,8,5,5,5
large-dispense-1000mg-20260924_142045-1c09de,失水剂2,coarse,1000,989.0,16.14,25.0,15.0,1900,67.178,73.637,66.19,1522.2,11.69,1000.0,767.0,81.0,30.0,51.0,58.64,,8.2,37,19,10,0,14
large-dispense-2000mg-20260923_105942-7f9767,润滑剂1,coarse,2000,2009.0,41.84,25.0,15.0,2000,100.0,100.0,100.0,2000.0,29.91,1356.6,1575.0,188.0,30.0,158.0,85.0,12.73,15.2,41,21,10,0,1
large-dispense-2000mg-20260923_110051-697dd0,润滑剂1,coarse,2000,1995.0,18.31,25.0,15.0,2000,88.809,88.809,75.32,2000.0,44.8,1554.5,1544.0,144.0,30.0,114.0,73.81,,12.39,32,25,6,0,0
large-dispense-2000mg-20260923_110129-eeb6c3,润滑剂1,coarse,2000,2030.0,31.38,25.0,15.0,2000,100.0,100.0,84.07,2000.0,38.21,1509.1,1518.0,73.0,30.0,43.0,85.0,,16.88,50,35,11,0,0
large-dispense-2000mg-20260923_112215-0d80ff,润滑剂1,coarse,2000,2093.0,46.12,25.0,15.0,2000,100.0,100.0,100.0,2000.0,58.09,1773.3,1538.0,151.0,30.0,121.0,85.0,,10.8,24,19,4,0,0
large-dispense-2000mg-20260923_112321-fd2f4b,润滑剂1,coarse,2000,2007.0,16.38,25.0,15.0,2000,100.0,100.0,81.69,2000.0,23.15,1408.8,1560.0,113.0,30.0,83.0,85.0,,19.45,62,37,17,0,0
large-dispense-2000mg-20260923_112436-256f61,润滑剂1,coarse,2000,2104.0,16.75,25.0,15.0,2000,99.87,100.0,92.17,2000.0,55.09,1883.3,1518.0,286.0,30.0,256.0,85.0,,10.05,19,14,4,0,0
large-dispense-2000mg-20260923_113138-dff533,润滑剂1,coarse,2000,2052.0,18.81,25.0,15.0,2000,206.983,206.983,123.84,2000.0,74.32,1861.5,1440.0,184.0,30.0,154.0,191.98,,0.41,3,3,0,0,0
large-dispense-2000mg-20260923_113138-dff533,润滑剂1,coarse,2000,2052.0,19.7,25.0,15.0,2000,131.155,131.155,69.41,2000.0,74.32,1861.5,1559.0,132.0,30.0,102.0,116.16,,10.39,23,17,5,0,0
large-dispense-2000mg-20260923_113214-f90d34,润滑剂1,coarse,2000,2033.0,45.19,25.0,15.0,2000,27.635,27.635,23.29,2000.0,53.23,1476.9,1580.0,65.0,30.0,35.0,12.64,,15.61,42,30,5,0,0
large-dispense-2000mg-20260923_113845-2fdaf5,润滑剂1,coarse,2000,1992.0,24.23,25.0,15.0,2000,41.271,41.271,34.99,2000.0,12.97,1472.2,1578.0,80.0,30.0,50.0,26.27,20.38,30.78,109,30,56,0,0
large-dispense-2000mg-20260923_113954-f13307,润滑剂1,coarse,2000,2109.0,95.12,25.0,15.0,2000,28.538,40.658,36.31,2000.0,66.82,1905.3,1585.0,60.0,30.0,30.0,25.66,3.61,13.61,36,21,5,0,2
large-dispense-2000mg-20260923_114156-42ba8b,润滑剂1,coarse,2000,2164.0,24.25,25.0,15.0,2000,88.536,129.917,101.17,2000.0,40.72,2000.0,1584.0,201.0,30.0,171.0,114.92,,8.81,15,11,4,0,0
large-dispense-2000mg-20260923_135324-3bd03d,润滑剂1,coarse,2000,2041.0,39.77,25.0,15.0,2000,112.971,112.971,85.64,2000.0,53.91,1920.0,1511.0,274.0,30.0,244.0,97.97,,9.48,18,13,5,0,0
large-dispense-2000mg-20260923_135513-402929,润滑剂1,coarse,2000,2026.0,52.61,25.0,15.0,2000,51.778,54.917,50.91,2000.0,34.72,1430.6,1571.0,97.0,30.0,67.0,39.92,,14.73,42,27,5,0,1
large-dispense-2000mg-20260923_135629-478ae3,润滑剂1,coarse,2000,1987.0,138.11,25.0,15.0,2200,0.0,7.095,2.74,2022.2,7.86,2717.3,1685.0,10.0,30.0,-20.0,-7.91,12.0,47.39,174,0,92,0,0
large-dispense-2000mg-20260923_135941-2dc1b5,润滑剂1,coarse,2000,2035.0,194.34,25.0,15.0,2000,15.114,20.524,17.51,2000.0,27.04,1691.7,1598.0,18.0,30.0,-12.0,5.52,0.0,23.27,77,24,13,0,2
large-dispense-2000mg-20260923_140539-2a8ec8,润滑剂1,coarse,2000,2060.0,84.03,25.0,15.0,2000,28.629,28.629,23.46,2000.0,72.11,1842.1,1580.0,52.0,30.0,22.0,13.63,,13.67,35,25,5,0,0
large-dispense-2000mg-20260923_142307-4a246e,润滑剂1,coarse,2000,2082.0,67.59,25.0,15.0,2000,51.792,53.471,45.26,2000.0,69.9,1861.5,1564.0,57.0,30.0,27.0,38.47,,12.67,27,21,5,0,0
large-dispense-2000mg-20260923_142831-eaeee0,润滑剂1,coarse,2000,1992.0,22.86,25.0,15.0,2000,87.97,95.496,91.22,2000.0,59.51,1711.1,1558.0,251.0,30.0,221.0,80.5,,11.41,26,20,5,0,0
large-dispense-2000mg-20260924_140715-f2ba95,失水剂2,coarse,2000,2026.0,7.91,25.0,15.0,2000,360.793,360.793,349.55,2000.0,85.63,1911.1,1372.0,304.0,30.0,274.0,345.79,,11.05,20,15,4,0,4
large-dispense-2000mg-20260924_140825-5f3ae0,失水剂2,coarse,2000,2008.0,5.86,25.0,15.0,2000,381.442,383.549,352.03,2000.0,58.4,2000.0,1375.0,394.0,30.0,364.0,368.55,,10.33,18,13,4,0,4
large-dispense-2000mg-20260924_142140-78acf2,失水剂2,coarse,2000,1998.0,8.88,25.0,15.0,2000,330.618,332.453,322.26,2000.0,31.78,1410.3,1413.0,314.0,30.0,284.0,317.45,14.95,16.2,41,21,5,0,5
large-dispense-3000mg-20260924_112129-b8756a,失水剂1,coarse,3000,3089.0,14.61,25.0,15.0,2500,209.592,331.808,268.66,2493.8,19.0,2200.0,2269.0,653.0,30.0,623.0,316.81,,8.45,15,10,3,0,3
large-dispense-3000mg-20260924_112731-ca7480,失水剂1,coarse,3000,3003.0,13.0,25.0,15.0,2000,213.205,258.48,236.88,2000.0,64.39,1688.0,2256.0,435.0,30.0,405.0,243.48,,11.73,29,25,2,0,2
large-dispense-3000mg-20260924_140639-ff2a44,失水剂2,coarse,3000,3011.0,11.72,25.0,15.0,2000,268.921,281.615,266.24,2000.0,73.06,1873.7,2217.0,478.0,30.0,448.0,266.62,,11.58,22,18,3,0,3
large-dispense-3000mg-20260924_141515-915531,失水剂2,coarse,3000,3016.0,13.12,25.0,15.0,2000,227.322,260.168,245.86,2000.0,75.62,1952.9,2296.0,413.0,30.0,383.0,245.17,,11.02,20,15,2,0,2
large-dispense-5000mg-20260923_153212-3d8453,润滑剂1,coarse,5000,4999.0,105.09,25.0,15.0,2000,44.857,55.236,50.53,2000.0,39.15,1479.2,3972.0,108.0,30.0,78.0,40.24,21.52,29.39,100,83,6,0,0
large-dispense-5000mg-20260923_155137-a7e0fa,封堵剂1,coarse,5000,5038.0,51.52,15.0,6.0,2000,20.481,20.481,10.91,2000.0,46.37,1911.8,3988.0,41.0,12.0,29.0,14.48,1.2,29.8,98,88,4,0,0
large-dispense-5000mg-20260923_155305-2071c5,封堵剂1,coarse,5000,5027.0,76.56,15.0,6.0,2000,114.654,146.251,115.03,2000.0,58.71,1856.7,3959.0,149.0,12.0,137.0,140.25,,22.39,73,68,5,0,0
large-dispense-5000mg-20260923_155455-c97dc8,封堵剂1,coarse,5000,5000.0,58.72,15.0,6.0,2000,70.87,146.028,110.59,2000.0,49.8,1799.3,3968.0,173.0,12.0,161.0,140.03,,23.8,73,68,4,0,0
large-dispense-5000mg-20260923_155650-fb66a0,封堵剂1,coarse,5000,5025.0,56.86,15.0,6.0,2000,31.16,34.055,32.76,2000.0,37.26,1836.8,3986.0,72.0,12.0,60.0,28.05,,33.59,115,109,5,0,0
large-dispense-5000mg-20260923_160148-34abf6,封堵剂1,coarse,5000,5019.0,59.64,15.0,6.0,2000,94.872,124.243,106.7,2000.0,54.65,1877.0,4023.0,111.0,12.0,99.0,118.24,,22.72,70,64,5,0,0
large-dispense-5000mg-20260923_160325-33f3b3,封堵剂1,coarse,5000,5039.0,66.02,15.0,6.0,2000,62.606,194.968,121.62,2000.0,42.6,1765.2,3945.0,267.0,12.0,255.0,188.97,,22.44,70,65,5,0,0
large-dispense-5000mg-20260923_160508-9845a8,封堵剂1,coarse,5000,5020.0,75.23,15.0,6.0,2000,25.239,32.639,28.46,2000.0,46.25,1852.1,3987.0,62.0,12.0,50.0,26.64,,28.0,94,89,4,0,0
large-dispense-5000mg-20260923_161110-a7298f,封堵剂1,coarse,5000,5022.0,66.69,15.0,6.0,2000,47.548,91.112,75.95,2000.0,47.43,1843.4,3986.0,156.0,12.0,144.0,85.11,,23.06,75,69,5,0,0
large-dispense-5000mg-20260923_161248-ffb78d,封堵剂1,coarse,5000,5043.0,72.47,15.0,6.0,2000,67.791,67.791,59.34,2000.0,47.7,1808.3,3963.0,106.0,12.0,94.0,61.79,,27.0,88,83,5,0,0
large-dispense-5000mg-20260923_161446-cbfed3,封堵剂1,coarse,5000,5013.0,80.33,15.0,6.0,2000,45.505,52.841,49.5,2000.0,40.29,1752.5,3975.0,104.0,12.0,92.0,46.84,,29.86,102,96,5,0,0
large-dispense-5000mg-20260923_161709-8a95c5,封堵剂1,coarse,5000,4991.0,61.36,15.0,6.0,2000,149.128,156.002,119.9,2000.0,52.35,1750.6,3931.0,98.0,12.0,86.0,150.0,,26.94,89,83,4,0,0
large-dispense-5000mg-20260923_162305-dbfc9a,封堵剂1,coarse,5000,5006.0,64.48,15.0,6.0,2000,127.044,133.084,90.26,2000.0,55.05,1768.8,3931.0,57.0,12.0,45.0,127.08,,2.06,10,10,0,0,0
large-dispense-5000mg-20260923_162305-dbfc9a,封堵剂1,coarse,5000,5006.0,67.22,15.0,6.0,2000,1.249,33.915,10.2,2000.0,55.97,1727.7,4005.0,78.0,12.0,66.0,27.91,,24.47,78,68,8,0,0
large-dispense-5000mg-20260923_162516-d0a27d,封堵剂1,coarse,5000,5021.0,54.42,15.0,6.0,2000,107.772,132.759,105.86,2000.0,31.98,1549.0,3962.0,130.0,12.0,118.0,126.76,,28.53,95,81,8,0,0
large-dispense-5000mg-20260923_162758-ab7dd3,封堵剂1,coarse,5000,4993.0,53.7,15.0,6.0,2000,118.186,153.13,127.49,2000.0,36.48,1538.5,3965.0,171.0,12.0,159.0,147.13,,28.17,96,87,5,0,0
large-dispense-5000mg-20260923_163218-d67329,封堵剂1,coarse,5000,5018.0,50.83,15.0,6.0,2000,87.235,95.607,75.53,2000.0,44.7,1645.2,3985.0,95.0,12.0,83.0,89.61,,28.06,93,85,4,0,0
large-dispense-5000mg-20260923_163630-a6d5da,封堵剂1,coarse,5000,5053.0,122.16,15.0,6.0,2000,119.507,148.36,107.92,2000.0,56.16,1887.6,3965.0,105.0,12.0,93.0,142.36,,25.38,81,71,6,0,1
large-dispense-5000mg-20260923_163914-92633d,封堵剂1,coarse,5000,5039.0,85.53,15.0,6.0,2000,22.319,49.368,35.87,2000.0,53.89,1841.3,3992.0,100.0,12.0,88.0,43.37,,24.66,79,73,5,0,0
large-dispense-5000mg-20260923_164111-c9f9df,封堵剂1,coarse,5000,5031.0,83.42,15.0,6.0,2000,60.671,60.671,45.65,2000.0,47.43,1864.9,3967.0,65.0,12.0,53.0,54.67,,27.47,91,85,4,0,0
large-dispense-5000mg-20260923_164334-55ebb2,封堵剂1,coarse,5000,5027.0,87.92,15.0,6.0,2000,21.842,22.577,22.21,2000.0,32.33,1852.1,3985.0,52.0,12.0,40.0,16.58,,38.8,138,132,4,0,0
large-dispense-5000mg-20260923_171818-4bb3ae,封堵剂2,coarse,5000,4996.0,66.34,25.0,15.0,2000,58.58,58.58,55.53,2000.0,22.69,1821.0,3954.0,97.0,30.0,67.0,43.58,25.05,50.05,190,94,54,0,46
large-dispense-5000mg-20260923_172022-a67d11,封堵剂2,coarse,5000,4996.0,87.52,25.0,15.0,2000,118.206,118.206,99.66,2000.0,37.64,1722.8,3963.0,196.0,30.0,166.0,103.21,,23.27,77,53,11,0,11
large-dispense-5000mg-20260923_172530-021349,封堵剂2,coarse,5000,5011.0,109.95,25.0,15.0,2000,167.396,167.396,97.96,2000.0,22.34,1609.5,3878.0,202.0,30.0,172.0,152.4,21.38,42.38,159,67,19,0,18
large-dispense-5000mg-20260923_172811-e82b02,封堵剂2,coarse,5000,5005.0,120.48,25.0,15.0,2000,23.983,28.646,23.9,2000.0,21.14,2069.2,3989.0,31.0,30.0,1.0,13.65,1.72,42.58,141,64,44,0,24
large-dispense-5000mg-20260923_173546-3cb1e7,封堵剂2,coarse,5000,4984.0,100.67,25.0,15.0,2000,25.395,32.579,29.56,2000.0,17.18,2199.8,3994.0,56.0,30.0,26.0,17.58,21.0,47.8,165,68,72,0,62
large-dispense-5000mg-20260923_174451-0ccbc6,封堵剂2,coarse,5000,5003.0,48.23,25.0,15.0,2000,76.695,94.405,89.84,2000.0,20.67,2101.5,3958.0,149.0,30.0,119.0,79.41,,33.41,105,58,33,0,29
large-dispense-5000mg-20260923_174620-c9ec81,封堵剂2,coarse,5000,4985.0,93.19,25.0,15.0,2000,29.84,29.84,24.02,2000.0,21.94,1801.2,3982.0,44.0,30.0,14.0,14.84,1.73,52.41,196,67,19,0,9
large-dispense-5000mg-20260923_174854-939554,封堵剂2,coarse,5000,5008.0,108.17,25.0,15.0,2000,26.638,43.282,37.14,2000.0,25.55,2101.3,3983.0,79.0,30.0,49.0,28.28,9.33,31.33,95,54,23,0,24
large-dispense-5000mg-20260923_175157-fb0670,封堵剂2,coarse,5000,5021.0,80.59,25.0,15.0,2000,45.618,115.159,81.53,2000.0,24.57,2002.4,4004.0,205.0,30.0,175.0,100.16,14.92,26.88,75,42,28,0,28
large-dispense-5000mg-20260923_180709-c8ac0c,封堵剂2,coarse,5000,5044.0,75.09,25.0,15.0,2000,31.842,38.494,35.32,2000.0,14.29,1984.8,3987.0,71.0,30.0,41.0,23.49,7.94,56.19,199,70,97,0,86
large-dispense-5000mg-20260923_180928-4fbae5,封堵剂2,coarse,5000,5000.0,100.89,25.0,15.0,2000,74.338,78.862,72.96,2000.0,19.46,1817.3,3950.0,129.0,30.0,99.0,63.86,19.11,51.44,197,64,47,0,37
large-dispense-5000mg-20260923_181209-13ddc8,封堵剂2,coarse,5000,4995.0,118.56,25.0,15.0,2000,48.355,78.493,65.36,2000.0,22.21,1638.6,3976.0,150.0,30.0,120.0,63.49,20.09,42.06,161,63,33,0,22
large-dispense-5000mg-20260923_182401-1ec123,抑制剂1,coarse,5000,4977.0,65.58,25.0,15.0,2000,66.145,67.437,53.44,2000.0,52.6,1522.7,3968.0,91.0,30.0,61.0,52.44,,24.59,82,59,14,0,13
large-dispense-5000mg-20260923_182549-3234d7,抑制剂1,coarse,5000,5090.0,12.22,25.0,15.0,2000,500.0,500.0,500.0,2000.0,,,3712.0,,30.0,,485.0,,1.06,6,6,0,0,0
large-dispense-5000mg-20260923_182619-ec9eda,抑制剂1,coarse,5000,4996.0,34.58,25.0,15.0,2000,182.576,269.842,220.67,2000.0,41.86,1400.0,3961.0,281.0,30.0,251.0,254.84,,15.86,49,45,1,0,2
large-dispense-5000mg-20260923_182733-d87859,抑制剂1,coarse,5000,4997.0,76.45,25.0,15.0,2000,107.243,108.101,89.78,2000.0,20.59,1591.4,3949.0,141.0,30.0,111.0,93.1,3.88,51.2,197,83,54,0,24
large-dispense-5000mg-20260923_183327-71d96e,抑制剂1,coarse,5000,5111.0,104.03,25.0,15.0,2000,158.657,198.198,157.46,2000.0,4.62,2009.5,4000.0,114.0,30.0,84.0,183.2,,17.69,40,14,24,0,5
large-dispense-5000mg-20260923_183550-a9dbae,抑制剂1,coarse,5000,4983.0,26.83,25.0,15.0,2000,123.867,132.053,115.62,2000.0,80.85,1586.2,3902.0,326.0,30.0,296.0,117.05,,15.61,46,41,4,0,4
large-dispense-5000mg-20260923_183649-d2a4b0,抑制剂1,coarse,5000,5052.0,60.47,25.0,15.0,2200,0.0,151.088,62.83,2033.3,83.5,1711.1,4288.0,382.0,30.0,352.0,136.09,,11.19,24,16,6,0,7
large-dispense-5000mg-20260923_183819-bfaf4c,抑制剂1,coarse,5000,5012.0,119.55,25.0,15.0,2000,62.546,68.295,64.63,2000.0,13.79,1689.2,3956.0,137.0,30.0,107.0,53.3,24.72,39.06,125,50,48,0,29
large-dispense-5000mg-20260923_185243-1c7895,膨润土,coarse,5000,4974.0,126.92,25.0,15.0,2000,7.982,27.815,16.89,2000.0,18.64,1687.9,4005.0,55.0,30.0,25.0,12.82,0.75,64.53,176,81,50,0,41
large-dispense-5000mg-20260923_185628-6c0b41,膨润土,coarse,5000,5000.0,105.67,25.0,15.0,2000,39.633,39.633,33.75,2000.0,32.04,1532.4,3979.0,55.0,30.0,25.0,24.63,,39.53,141,113,5,0,6
large-dispense-5000mg-20260923_185905-1fb467,膨润土,coarse,5000,5006.0,110.52,25.0,15.0,2000,42.185,46.746,42.79,2000.0,29.66,1563.2,3976.0,72.0,30.0,42.0,31.75,3.33,39.78,141,113,7,0,7
large-dispense-5000mg-20260923_190156-7b2637,膨润土,coarse,5000,4995.0,200.8,25.0,15.0,2000,34.463,47.438,42.34,2000.0,22.6,2390.2,3986.0,85.0,30.0,55.0,32.44,,58.72,129,82,45,0,47
large-dispense-5000mg-20260924_103637-cb4799,膨润土,coarse,5000,4992.0,31.95,25.0,15.0,5000,214.743,214.743,198.64,5000.0,53.07,1592.9,3867.0,394.0,30.0,364.0,199.74,,15.41,41,35,5,0,5
large-dispense-5000mg-20260924_103737-37a7ba,膨润土,coarse,5000,5029.0,36.17,25.0,15.0,3000,197.098,262.541,238.2,3000.0,91.87,1860.0,3978.0,410.0,30.0,380.0,247.54,,13.19,31,26,4,0,5
large-dispense-5000mg-20260924_103952-53d0c4,膨润土,coarse,5000,4994.0,39.39,25.0,15.0,3000,89.324,89.324,67.13,3000.0,52.85,1822.6,3937.0,128.0,30.0,98.0,74.32,20.2,24.22,79,67,6,0,6
large-dispense-5000mg-20260924_104134-3e8396,膨润土,coarse,5000,5011.0,57.05,25.0,15.0,3000,139.741,139.741,90.93,3000.0,42.91,1646.9,3922.0,184.0,30.0,154.0,124.74,,25.09,82,75,5,0,5
large-dispense-5000mg-20260924_104307-38cee1,膨润土,coarse,5000,4984.0,37.19,25.0,15.0,3000,99.595,145.215,111.37,3000.0,40.85,1445.9,3996.0,208.0,30.0,178.0,130.22,,18.67,53,42,5,0,5
large-dispense-5000mg-20260924_104429-ebecbe,膨润土,coarse,5000,4992.0,34.52,25.0,15.0,3000,129.161,139.447,125.13,3000.0,44.93,1565.9,3961.0,252.0,30.0,222.0,124.45,,19.92,62,55,6,0,6
large-dispense-5000mg-20260924_104534-b7c2ea,膨润土,coarse,5000,4991.0,34.14,25.0,15.0,3000,116.913,162.532,138.08,3000.0,44.44,1490.8,3943.0,274.0,30.0,244.0,147.53,,18.98,54,48,5,0,5
large-dispense-5000mg-20260924_104635-098db2,膨润土,coarse,5000,5004.0,33.25,25.0,15.0,3000,104.686,184.319,147.96,3000.0,46.81,1625.0,3954.0,273.0,30.0,243.0,169.32,,19.53,59,52,6,0,6
large-dispense-5000mg-20260924_104805-87dfe9,膨润土,coarse,5000,5002.0,26.47,25.0,15.0,3000,181.189,195.076,149.05,3000.0,38.13,1396.2,3860.0,345.0,30.0,315.0,180.08,,22.47,69,62,6,0,6
large-dispense-5000mg-20260924_105656-c69d92,失水剂1,coarse,5000,5015.0,17.42,25.0,15.0,2000,259.082,271.091,255.95,2000.0,5.29,1892.6,3845.0,416.0,30.0,386.0,256.09,16.12,195.58,318,29,234,0,212
large-dispense-5000mg-20260924_110040-b403da,失水剂1,coarse,5000,5012.0,28.8,25.0,15.0,2500,229.265,229.265,171.83,2500.0,25.34,1320.8,3885.0,282.0,30.0,252.0,214.26,20.34,24.78,82,44,24,0,14
large-dispense-5000mg-20260924_110141-efd24e,失水剂1,coarse,5000,4990.0,30.19,25.0,15.0,2500,131.34,172.209,140.7,2500.0,15.28,1369.7,3928.0,277.0,30.0,247.0,157.21,14.72,37.27,136,34,23,0,15
large-dispense-5000mg-20260924_110359-b55e0d,失水剂1,coarse,5000,5007.0,36.05,25.0,15.0,2500,139.341,199.051,168.59,2500.0,16.04,1153.0,3916.0,349.0,30.0,319.0,184.05,14.39,36.39,133,35,48,0,35
large-dispense-5000mg-20260924_112037-f15012,失水剂1,coarse,5000,4997.0,22.03,25.0,15.0,2500,211.794,225.186,214.79,2500.0,46.81,1470.6,3887.0,394.0,30.0,364.0,210.19,,16.78,47,34,9,0,7
large-dispense-5000mg-20260924_113722-be6da3,大分子包被剂-text,coarse,5000,4999.0,90.97,25.0,15.0,2000,65.877,65.877,62.59,2000.0,17.2,1677.0,3955.0,123.0,30.0,93.0,50.88,,65.78,119,44,69,0,50
large-dispense-5000mg-20260924_120029-dd7bcd,大分子包被剂-text,coarse,5000,4981.0,30.2,25.0,15.0,3000,234.303,234.303,158.62,3000.0,23.68,1508.5,3853.0,187.0,30.0,157.0,219.3,20.53,32.38,117,44,24,0,18
large-dispense-5000mg-20260924_120807-932dd2,大分子包被剂-text,coarse,5000,5001.0,49.33,25.0,15.0,2200,0.0,23.353,16.12,2020.0,11.84,1465.8,4354.0,23.0,30.0,-7.0,8.35,22.66,47.59,154,31,80,0,56
large-dispense-5000mg-20260924_140258-29ea72,失水剂2,coarse,5000,5004.0,36.78,25.0,15.0,3000,245.152,263.135,233.77,3000.0,72.26,1911.1,3837.0,537.0,30.0,507.0,248.13,,12.95,30,25,4,0,5
large-dispense-8000mg-20260924_110528-3e6dd9,失水剂1,coarse,8000,7979.0,40.11,25.0,15.0,2500,240.407,240.407,193.91,2500.0,167.91,2244.0,6278.0,361.0,30.0,331.0,225.41,,14.73,42,38,3,0,3
large-dispense-8000mg-20260924_140357-6f5ef7,失水剂2,coarse,8000,8010.0,25.42,25.0,15.0,3000,241.042,318.901,276.6,3000.0,65.6,1414.6,6225.0,617.0,30.0,587.0,303.9,,19.19,56,51,4,0,4
large-dispense-8000mg-20260924_140543-1e9100,失水剂2,coarse,8000,8010.0,25.97,25.0,15.0,3000,272.547,361.81,311.23,3000.0,67.08,1410.3,6170.0,608.0,30.0,578.0,346.81,,18.66,53,48,4,0,4
